Timestamp,CPU_Load_%,CPU_Idle_%,Total_RAM_MB,Used_RAM_MB,Free_RAM_MB,Heap_Frag_%,Disk_Total_GB,Disk_Used_GB,Disk_Free_GB,ISR_Count,SD_Writes,SD_IO_Time_ms,BasesEntry,BasesExit,BasesCenterError,BasesCenterStop,BasesCenterStart,BasesCenterReset,BasesRawConveyor,BasesExitConveyor,BasesEmitter,BeltConv5,BeltConv6,ExitConv,BasesExitCounter,Conv6m_1_LIDFeeder,Conv6m_4_BASEFeeder0,DiffuseSensor1,DiffuseSensor3,LeftClampSensor,RightClampSensor,LeftClampOut,RightClampOut,Z_AxisDownOut,X_AxisMoveOut,Z_AxisDownSensor,X_AxisMoveSensor,GripperONOut,Conv4m_5_AfterRaise,LeftPos2_Raise,GripperONSensor,DiffuseSensor2,DiffuseSensor7,VisionSensor,PivotBeltRun,PivotBeltTurn,RejectionAlarm,RejectionSiren,BeltConv6m_5,BeltConv6m_6,BeltConv6m_7,BeltConv6m_8,CurveBeltConv1_CCW,AssemblyRedLight,BoolQCStationEnable,RejectedProductCount,RollerConv2M_1,RollerConv2M_2,RollerConv2M_3,RollerConv2M_4,RollerConv2M_5,CurveRoller2_CW,CurveRoller1_CCW,LoadConv1,LoadConv2,StackCrane1_Left,StackCrane1_Right,StackCrane1_LIFT,StackCrane1_TargetPos,StackCrane1_MovX,StackCrane1_MovZ,StackCrane1_LeftLimit,StackCrane1_RightLimit0,StackCrane1_MiddleLimit,ReflectiveSensor_5,ReflectiveSensor_6,ReflectiveSensor_7,ReflectiveSensor_8,SafetyDoorSensor,SafetyDoorReset,SafetyDoorLight,SafetyDoorSiren,LidsEntry,LidsExit,LidsCenterError,LidsCenterStop,LidsCenterStart,LidsCenterProduce,LidsRawConveyor,LidsExitConveyor,LidsExitConveyor2,LidsEmitter,LidsExitCounter,StartButton2,Conv6m_2_StackFeeder,Conv6m_3_AfterStack,DiffuseSensor5,DiffuseSensor4,LeftClampSensor,RightClampSensor,LeftClampOut,RightClampOut,Z_Axis2DownOut,X_Axis2MoveOut,Z_Axis2DownSensor,X_Axis2MoveSensor,Gripper2ONOut,LeftPos4_Raise,StackEmitter,Gripper2ONSensor,DiffuseSensor6,RightPos1ClampOff,CratedProductCount,FactoryIORunning,BasesCenterBusy,LidsCenterBusy,FactoryIORun,SCADASetProductCount,AssembledProductCount,SCADAFactoryIOStart,AssemblyEStop2,AssemblyResetPB2,AssemblyStartPB3,SCADAEStop,SCADAEStopReset,QCStationEnable,Emitter2_Part_Base,Emitter1_Part_Lids
 ,SYSTEM,SYSTEM,SYSTEM,SYSTEM,SYSTEM,SYSTEM,SYSTEM,SYSTEM,SYSTEM,SYSTEM,SYSTEM,SYSTEM,BOOL,BOOL,BOOL,BOOL,BOOL,BOOL,BOOL,BOOL,BOOL,BOOL,BOOL,BOOL,INT,BOOL,BOOL,BOOL,BOOL,BOOL,BOOL,BOOL,BOOL,BOOL,BOOL,BOOL,BOOL,BOOL,BOOL,BOOL,BOOL,BOOL,BOOL,WORD,BOOL,BOOL,BOOL,BOOL,BOOL,BOOL,BOOL,BOOL,BOOL,BOOL,BOOL,INT,BOOL,BOOL,BOOL,BOOL,BOOL,BOOL,BOOL,BOOL,BOOL,BOOL,BOOL,BOOL,INT,BOOL,BOOL,BOOL,BOOL,BOOL,BOOL,BOOL,BOOL,BOOL,BOOL,BOOL,BOOL,BOOL,BOOL,BOOL,BOOL,BOOL,BOOL,BOOL,BOOL,BOOL,BOOL,BOOL,INT,BOOL,BOOL,BOOL,BOOL,BOOL,BOOL,BOOL,BOOL,BOOL,BOOL,BOOL,BOOL,BOOL,BOOL,BOOL,BOOL,BOOL,BOOL,BOOL,INT,BOOL,BOOL,BOOL,BOOL,INT,INT,INT,BOOL,BOOL,BOOL,INT,INT,INT,INT,INT
 ,SYS,SYS,SYS,SYS,SYS,SYS,SYS,SYS,SYS,SYS,SYS,SYS,%IX101.0,%IX101.1,%IX101.3,%QX101.0,%QX101.1,%QX101.2,%QX101.3,%QX101.4,%QX101.5,%QX101.6,%QX101.7,%QX102.7,%QW101,%QX102.0,%QX102.1,%IX102.0,%IX102.1,%IX102.2,%IX102.3,%QX102.2,%QX102.3,%QX102.4,%QX102.5,%IX102.4,%IX102.5,%QX102.6,%QX103.0,%QX103.1,%IX102.6,%IX102.7,%IX104.1,%IW100,%QX104.3,%QX104.4,%QX104.5,%QX104.6,%QX106.3,%QX106.4,%QX106.5,%QX106.6,%QX106.7,%QX107.0,%QX107.4,%QW103,%QX104.7,%QX105.0,%QX105.1,%QX105.2,%QX105.3,%QX105.4,%QX105.5,%QX105.6,%QX105.7,%QX106.0,%QX106.1,%QX106.2,%QW105,%IX104.2,%IX104.3,%IX104.4,%IX104.5,%IX104.6,%IX104.7,%IX105.0,%IX105.1,%IX105.2,%IX105.6,%IX105.7,%QX107.2,%QX107.3,%IX100.0,%IX100.1,%IX100.3,%QX100.0,%QX100.1,%QX100.2,%QX100.3,%QX100.4,%QX100.7,%QX100.5,%QW100,%IX100.5,%QX103.2,%QX103.3,%IX103.0,%IX103.1,%IX103.2,%IX103.3,%QX103.4,%QX103.5,%QX103.6,%QX103.7,%IX103.4,%IX103.5,%QX104.0,%QX104.1,%QX104.2,%IX103.6,%IX103.7,%IX104.0,%QW104,%IX100.4,%IX101.2,%IX100.2,%QX100.6,%QW106,%QW102,%QW107,%IX105.3,%IX105.4,%IX105.5,%QW108,%QW111,%QW115,%QW109,%QW110
2025-05-14 13:30:10.008,2.4,39.0,8052.328125,1640.421875,6094.390625,4.86,28.776119232177734,6.287117004394531,21.00796890258789,552452661,1283962,56588763,FALSE,FALSE,FALSE,FALSE,FALSE,FALSE,FALSE,FALSE,FALSE,FALSE,FALSE,FALSE,0,FALSE,FALSE,FALSE,FALSE,FALSE,FALSE,FALSE,FALSE,FALSE,FALSE,FALSE,FALSE,FALSE,FALSE,FALSE,FALSE,FALSE,FALSE,0,FALSE,FALSE,FALSE,FALSE,FALSE,FALSE,FALSE,FALSE,FALSE,FALSE,FALSE,0,FALSE,FALSE,FALSE,FALSE,FALSE,FALSE,FALSE,FALSE,FALSE,FALSE,FALSE,FALSE,0,FALSE,FALSE,FALSE,FALSE,FALSE,FALSE,FALSE,FALSE,FALSE,FALSE,FALSE,FALSE,FALSE,FALSE,FALSE,FALSE,FALSE,FALSE,FALSE,FALSE,FALSE,FALSE,FALSE,0,FALSE,FALSE,FALSE,FALSE,FALSE,FALSE,FALSE,FALSE,FALSE,FALSE,FALSE,FALSE,FALSE,FALSE,FALSE,FALSE,FALSE,FALSE,FALSE,0,FALSE,FALSE,FALSE,FALSE,0,0,0,FALSE,FALSE,FALSE,0,0,0,0,0
2025-05-14 13:30:10.764,0.0,40.0,8052.328125,1641.109375,6093.6875,4.86,28.776119232177734,6.2871246337890625,21.00796127319336,552453185,1283962,56588763,FALSE,FALSE,FALSE,FALSE,FALSE,FALSE,FALSE,FALSE,FALSE,FALSE,FALSE,FALSE,0,FALSE,FALSE,FALSE,FALSE,FALSE,FALSE,FALSE,FALSE,FALSE,FALSE,FALSE,FALSE,FALSE,FALSE,FALSE,FALSE,FALSE,FALSE,0,FALSE,FALSE,FALSE,FALSE,FALSE,FALSE,FALSE,FALSE,FALSE,FALSE,FALSE,0,FALSE,FALSE,FALSE,FALSE,FALSE,FALSE,FALSE,FALSE,FALSE,FALSE,FALSE,FALSE,0,FALSE,FALSE,FALSE,FALSE,FALSE,FALSE,FALSE,FALSE,FALSE,FALSE,FALSE,FALSE,FALSE,FALSE,FALSE,FALSE,FALSE,FALSE,FALSE,FALSE,FALSE,FALSE,FALSE,0,FALSE,FALSE,FALSE,FALSE,FALSE,FALSE,FALSE,FALSE,FALSE,FALSE,FALSE,FALSE,FALSE,FALSE,FALSE,FALSE,FALSE,FALSE,FALSE,0,FALSE,FALSE,FALSE,FALSE,0,0,0,FALSE,FALSE,FALSE,0,0,0,0,0
2025-05-14 13:30:11.502,0.0,40.0,8052.328125,1642.046875,6092.765625,4.86,28.776119232177734,6.2871246337890625,21.00796127319336,552453694,1283962,56588763,FALSE,FALSE,FALSE,FALSE,FALSE,FALSE,FALSE,FALSE,FALSE,FALSE,FALSE,FALSE,0,FALSE,FALSE,FALSE,FALSE,FALSE,FALSE,FALSE,FALSE,FALSE,FALSE,FALSE,FALSE,FALSE,FALSE,FALSE,FALSE,FALSE,FALSE,0,FALSE,FALSE,FALSE,FALSE,FALSE,FALSE,FALSE,FALSE,FALSE,FALSE,FALSE,0,FALSE,FALSE,FALSE,FALSE,FALSE,FALSE,FALSE,FALSE,FALSE,FALSE,FALSE,FALSE,0,FALSE,FALSE,FALSE,FALSE,FALSE,FALSE,FALSE,FALSE,FALSE,FALSE,FALSE,FALSE,FALSE,FALSE,FALSE,FALSE,FALSE,FALSE,FALSE,FALSE,FALSE,FALSE,FALSE,0,FALSE,FALSE,FALSE,FALSE,FALSE,FALSE,FALSE,FALSE,FALSE,FALSE,FALSE,FALSE,FALSE,FALSE,FALSE,FALSE,FALSE,FALSE,FALSE,0,FALSE,FALSE,FALSE,FALSE,0,0,0,FALSE,FALSE,FALSE,0,0,0,0,0
2025-05-14 13:30:12.239,0.0,40.0,8052.328125,1643.21875,6091.59375,4.86,28.776119232177734,6.2871246337890625,21.00796127319336,552454197,1283964,56588769,FALSE,FALSE,FALSE,FALSE,FALSE,FALSE,FALSE,FALSE,FALSE,FALSE,FALSE,FALSE,0,FALSE,FALSE,FALSE,FALSE,FALSE,FALSE,FALSE,FALSE,FALSE,FALSE,FALSE,FALSE,FALSE,FALSE,FALSE,FALSE,FALSE,FALSE,0,FALSE,FALSE,FALSE,FALSE,FALSE,FALSE,FALSE,FALSE,FALSE,FALSE,FALSE,0,FALSE,FALSE,FALSE,FALSE,FALSE,FALSE,FALSE,FALSE,FALSE,FALSE,FALSE,FALSE,0,FALSE,FALSE,FALSE,FALSE,FALSE,FALSE,FALSE,FALSE,FALSE,FALSE,FALSE,FALSE,FALSE,FALSE,FALSE,FALSE,FALSE,FALSE,FALSE,FALSE,FALSE,FALSE,FALSE,0,FALSE,FALSE,FALSE,FALSE,FALSE,FALSE,FALSE,FALSE,FALSE,FALSE,FALSE,FALSE,FALSE,FALSE,FALSE,FALSE,FALSE,FALSE,FALSE,0,FALSE,FALSE,FALSE,FALSE,0,0,0,FALSE,FALSE,FALSE,0,0,0,0,0
2025-05-14 13:30:12.976,0.0,39.0,8052.328125,1646.734375,6088.078125,4.88,28.776119232177734,6.2871246337890625,21.00796127319336,552454762,1283964,56588769,FALSE,FALSE,FALSE,FALSE,FALSE,FALSE,FALSE,FALSE,FALSE,FALSE,FALSE,FALSE,0,FALSE,FALSE,FALSE,FALSE,FALSE,FALSE,FALSE,FALSE,FALSE,FALSE,FALSE,FALSE,FALSE,FALSE,FALSE,FALSE,FALSE,FALSE,0,FALSE,FALSE,FALSE,FALSE,FALSE,FALSE,FALSE,FALSE,FALSE,FALSE,FALSE,0,FALSE,FALSE,FALSE,FALSE,FALSE,FALSE,FALSE,FALSE,FALSE,FALSE,FALSE,FALSE,0,FALSE,FALSE,FALSE,FALSE,FALSE,FALSE,FALSE,FALSE,FALSE,FALSE,FALSE,FALSE,FALSE,FALSE,FALSE,FALSE,FALSE,FALSE,FALSE,FALSE,FALSE,FALSE,FALSE,0,FALSE,FALSE,FALSE,FALSE,FALSE,FALSE,FALSE,FALSE,FALSE,FALSE,FALSE,FALSE,FALSE,FALSE,FALSE,FALSE,FALSE,FALSE,FALSE,0,FALSE,FALSE,FALSE,FALSE,0,0,0,FALSE,FALSE,FALSE,0,0,0,0,0
2025-05-14 13:30:13.715,0.0,40.0,8052.328125,1648.609375,6086.203125,4.88,28.776119232177734,6.2871246337890625,21.00796127319336,552455340,1283964,56588769,FALSE,FALSE,FALSE,FALSE,FALSE,FALSE,FALSE,FALSE,FALSE,FALSE,FALSE,FALSE,0,FALSE,FALSE,FALSE,FALSE,FALSE,FALSE,FALSE,FALSE,FALSE,FALSE,FALSE,FALSE,FALSE,FALSE,FALSE,FALSE,FALSE,FALSE,0,FALSE,FALSE,FALSE,FALSE,FALSE,FALSE,FALSE,FALSE,FALSE,FALSE,FALSE,0,FALSE,FALSE,FALSE,FALSE,FALSE,FALSE,FALSE,FALSE,FALSE,FALSE,FALSE,FALSE,0,FALSE,FALSE,FALSE,FALSE,FALSE,FALSE,FALSE,FALSE,FALSE,FALSE,FALSE,FALSE,FALSE,FALSE,FALSE,FALSE,FALSE,FALSE,FALSE,FALSE,FALSE,FALSE,FALSE,0,FALSE,FALSE,FALSE,FALSE,FALSE,FALSE,FALSE,FALSE,FALSE,FALSE,FALSE,FALSE,FALSE,FALSE,FALSE,FALSE,FALSE,FALSE,FALSE,0,FALSE,FALSE,FALSE,FALSE,0,0,0,FALSE,FALSE,FALSE,0,0,0,0,0
2025-05-14 13:30:14.453,0.0,40.0,8052.328125,1650.03125,6084.78125,4.88,28.776119232177734,6.287128448486328,21.007957458496094,552456141,1283964,56588769,FALSE,FALSE,FALSE,FALSE,FALSE,FALSE,FALSE,FALSE,FALSE,FALSE,FALSE,FALSE,0,FALSE,FALSE,FALSE,FALSE,FALSE,FALSE,FALSE,FALSE,FALSE,FALSE,FALSE,FALSE,FALSE,FALSE,FALSE,FALSE,FALSE,FALSE,0,FALSE,FALSE,FALSE,FALSE,FALSE,FALSE,FALSE,FALSE,FALSE,FALSE,FALSE,0,FALSE,FALSE,FALSE,FALSE,FALSE,FALSE,FALSE,FALSE,FALSE,FALSE,FALSE,FALSE,0,FALSE,FALSE,FALSE,FALSE,FALSE,FALSE,FALSE,FALSE,FALSE,FALSE,FALSE,FALSE,FALSE,FALSE,FALSE,FALSE,FALSE,FALSE,FALSE,FALSE,FALSE,FALSE,FALSE,0,FALSE,FALSE,FALSE,FALSE,FALSE,FALSE,FALSE,FALSE,FALSE,FALSE,FALSE,FALSE,FALSE,FALSE,FALSE,FALSE,FALSE,FALSE,FALSE,0,FALSE,FALSE,FALSE,FALSE,0,0,0,FALSE,FALSE,FALSE,0,0,0,0,0
